<?xml version="1.0" encoding="UTF-8"?>
<project-private xmlns="http://www.netbeans.org/ns/project-private/1">
    <editor-bookmarks xmlns="http://www.netbeans.org/ns/editor-bookmarks/2" lastBookmarkId="0"/>
    <open-files xmlns="http://www.netbeans.org/ns/projectui-open-files/2">
        <group>
            <file>file:/home/hazem/Desktop/Final%20Project-20190314T143355Z-001/Final%20Project/XOGameClient/src/xogame/online/OnlineGamingBase.java</file>
            <file>file:/home/hazem/Desktop/Final%20Project-20190314T143355Z-001/Final%20Project/XOGameClient/src/xogame/online/GameOptionsBase.java</file>
            <file>file:/home/hazem/Desktop/Final%20Project-20190314T143355Z-001/Final%20Project/XOGameClient/src/xogame/online/LoginBase.java</file>
            <file>file:/home/hazem/Desktop/Final%20Project-20190314T143355Z-001/Final%20Project/XOGameClient/src/xogame/online/SignUpBase.java</file>
        </group>
    </open-files>
</project-private>
