<?xml version="1.0" encoding="UTF-8"?>
<project-private xmlns="http://www.netbeans.org/ns/project-private/1">
    <editor-bookmarks xmlns="http://www.netbeans.org/ns/editor-bookmarks/2" lastBookmarkId="0"/>
    <open-files xmlns="http://www.netbeans.org/ns/projectui-open-files/2">
        <group>
            <file>file:/home/hazem/Desktop/Final%20Project-20190314T143355Z-001/Final%20Project/XOGameServer/src/Server/XOServer.java</file>
            <file>file:/home/hazem/Desktop/Final%20Project-20190314T143355Z-001/Final%20Project/XOGameServer/src/xogameserver/XOGameServer.java</file>
            <file>file:/home/hazem/Desktop/Final%20Project-20190314T143355Z-001/Final%20Project/XOGameServer/src/xogameserver/RunServerBase.java</file>
            <file>file:/home/hazem/Desktop/Final%20Project-20190314T143355Z-001/Final%20Project/XOGameServer/src/Server/XOServerLoginHandler.java</file>
            <file>file:/home/hazem/Desktop/Final%20Project-20190314T143355Z-001/Final%20Project/XOGameServer/src/Server/RandomCollocter.java</file>
            <file>file:/home/hazem/Desktop/Final%20Project-20190314T143355Z-001/Final%20Project/XOGameServer/src/Server/GameContraller.java</file>
        </group>
    </open-files>
</project-private>
